,Category,count,ratio
2,Other,12886,78.65470304584021
6,Technical Issues,1863,11.371543673319904
3,Process Execution,882,5.383629371909906
1,Follow-ups,523,3.1923335164499784
7,Troubleshooting,102,0.6225965940303974
5,System Migration,73,0.4455838369041079
0,Decision Making,50,0.3051944088384301
4,Responsibility Assignment,4,0.024415552707074406
